<?xml version="1.0" encoding="UTF-8"?>
<project-private xmlns="http://www.netbeans.org/ns/project-private/1">
    <editor-bookmarks xmlns="http://www.netbeans.org/ns/editor-bookmarks/2" lastBookmarkId="0"/>
    <open-files xmlns="http://www.netbeans.org/ns/projectui-open-files/2">
        <group>
            <file>file:/D:/CodeNeat/Quanlycuahang/src/model/Mon_an.java</file>
            <file>file:/D:/CodeNeat/Quanlycuahang/src/controller/MangveController.java</file>
            <file>file:/D:/CodeNeat/Quanlycuahang/src/JDBCConnection/JConnection.java</file>
            <file>file:/D:/CodeNeat/Quanlycuahang/src/view/Tai_cho.java</file>
            <file>file:/D:/CodeNeat/Quanlycuahang/src/model/Ds_monan.java</file>
            <file>file:/D:/CodeNeat/Quanlycuahang/src/view/Mang_ve.java</file>
        </group>
    </open-files>
</project-private>
